categoria,candidato,word,sim,fecha
Vivienda,FREILE,inversión,0.4803,2021-01-23
Vivienda,FREILE,identificar,0.3359,2021-01-24
Vivienda,FREILE,feliz,0.218,2021-01-05
Vivienda,FREILE,estatuas,0.078,2021-01-27
Vivienda,FREILE,extemporáneo,-0.0121,2021-01-29
Vivienda,HERVAS,construcción,0.5704,2021-03-11
Vivienda,HERVAS,pago,0.4075,2021-03-22
Vivienda,HERVAS,participación,0.3988,2021-03-27
Vivienda,HERVAS,empresario,0.3082,2021-03-26
Vivienda,HERVAS,stand,0.0651,2021-03-10
Vivienda,HERVAS,incluir,0.3675,2021-01-24
Vivienda,HERVAS,fundamentales,0.364,2021-01-20
Vivienda,HERVAS,debía,0.3116,2021-01-20
Vivienda,HERVAS,intenciones,0.168,2021-01-02
Vivienda,HERVAS,formativo,0.0728,2021-01-22
Vivienda,YAKU,según,0.4557,2021-03-13
Vivienda,YAKU,provincias,0.2441,2021-03-30
Vivienda,YAKU,bellas,0.1757,2021-03-15
Vivienda,YAKU,apoyaron,0.1489,2021-03-22
Vivienda,YAKU,parroquias,0.0975,2021-03-25
Vivienda,YAKU,reconstrucción,0.4107,2021-01-05
Vivienda,YAKU,juan,0.3295,2021-01-15
Vivienda,YAKU,campesino,0.3241,2021-01-09
Vivienda,YAKU,vivo,0.1886,2021-01-23
Vivienda,YAKU,porla,0.0243,2021-01-20
Vivienda,LASSO,construcción,0.5704,2021-03-30
Vivienda,LASSO,urbano,0.5083,2021-03-31
Vivienda,LASSO,digna,0.4398,2021-03-18
Vivienda,LASSO,seguros,0.3695,2021-03-14
Vivienda,LASSO,mies,0.1012,2021-03-27
Vivienda,LASSO,construcción,0.5704,2021-01-06
Vivienda,LASSO,reconstrucción,0.4107,2021-01-04
Vivienda,LASSO,restaurantes,0.2335,2021-01-26
Vivienda,LASSO,apresuradamente,0.076,2021-01-19
Vivienda,LASSO,enfoquemos,-0.1138,2021-01-29
Vivienda,ARAUZ,común,0.3502,2021-03-25
Vivienda,ARAUZ,organizadas,0.2328,2021-03-14
Vivienda,ARAUZ,jaime,0.2238,2021-03-11
Vivienda,ARAUZ,intercultural,0.1196,2021-03-20
Vivienda,ARAUZ,plurinacional,0.0105,2021-03-19
Vivienda,GUTIERREZ,construcción,0.5704,2021-03-30
Vivienda,GUTIERREZ,deja,0.335,2021-03-26
Vivienda,GUTIERREZ,naturaleza,0.3056,2021-03-16
Vivienda,GUTIERREZ,olvido,0.2375,2021-03-13
Vivienda,GUTIERREZ,embelesar,-0.1073,2021-03-30
Vivienda,GUTIERREZ,construcción,0.5704,2021-01-16
Vivienda,GUTIERREZ,reconstrucción,0.4107,2021-01-03
Vivienda,GUTIERREZ,anal,-0.0219,2021-01-30
Vivienda,GUTIERREZ,inicié,-0.0646,2021-01-10
Vivienda,GUTIERREZ,histerotomía,-0.1225,2021-01-21
Vivienda,FREILE,Derechos,0.3967,2021-03-26
Vivienda,FREILE,discusión,0.3049,2021-03-11
Vivienda,FREILE,aumenta,0.2592,2021-03-12
Vivienda,FREILE,consistentes,0.1888,2021-03-11
Vivienda,FREILE,sucederá,0.0981,2021-03-12
Vivienda,ARAUZ,violencia,0.3606,2021-01-24
Vivienda,ARAUZ,colectivo,0.353,2021-01-25
Vivienda,ARAUZ,pertinente,0.2153,2021-01-31
Vivienda,ARAUZ,politécnicas,0.0411,2021-01-22
Vivienda,ARAUZ,terminamos,0.0067,2021-01-01
Violencia,FREILE,cuestión,0.4837,2021-01-01
Violencia,FREILE,representan,0.3976,2021-01-22
Violencia,FREILE,continente,0.3173,2021-01-03
Violencia,FREILE,cómplices,0.3162,2021-01-25
Violencia,FREILE,mamita,-0.0938,2021-01-02
Violencia,HERVAS,sólo,0.4667,2021-03-17
Violencia,HERVAS,supo,0.1981,2021-03-18
Violencia,HERVAS,deportistas,0.1796,2021-03-13
Violencia,HERVAS,mostramos,0.0323,2021-03-20
Violencia,HERVAS,landázuri,-0.066,2021-03-23
Violencia,HERVAS,acto,0.5109,2021-01-22
Violencia,HERVAS,género,0.4624,2021-01-17
Violencia,HERVAS,proteger,0.4306,2021-01-01
Violencia,HERVAS,equidad,0.326,2021-01-08
Violencia,HERVAS,inteligencia,0.3213,2021-01-20
Violencia,YAKU,gobierno,0.4814,2021-03-15
Violencia,YAKU,defensa,0.3565,2021-03-31
Violencia,YAKU,acusa,0.3437,2021-03-26
Violencia,YAKU,ddhh,0.1436,2021-03-17
Violencia,YAKU,brasileira,0.0315,2021-03-22
Violencia,YAKU,corrupción,0.546,2021-01-02
Violencia,YAKU,indígenas,0.4017,2021-01-12
Violencia,YAKU,ambiente,0.3496,2021-01-13
Violencia,YAKU,autoritarismo,0.3309,2021-01-13
Violencia,YAKU,invadiendo,0.0528,2021-01-07
Violencia,LASSO,mujeres,0.5937,2021-03-20
Violencia,LASSO,prevenir,0.5562,2021-03-27
Violencia,LASSO,género,0.4624,2021-03-11
Violencia,LASSO,sigan,0.3615,2021-03-15
Violencia,LASSO,defensoría,0.2255,2021-03-31
Violencia,LASSO,víctimas,0.6599,2021-01-05
Violencia,LASSO,doméstica,0.6228,2021-01-14
Violencia,LASSO,atentado,0.4579,2021-01-24
Violencia,LASSO,sucedido,0.3982,2021-01-08
Violencia,LASSO,polibio,0.0366,2021-01-30
Violencia,ARAUZ,orden,0.3944,2021-03-19
Violencia,ARAUZ,necesidades,0.3597,2021-03-28
Violencia,ARAUZ,creencias,0.3529,2021-03-17
Violencia,ARAUZ,pude,0.1499,2021-03-12
Violencia,ARAUZ,sumarán,0.0714,2021-03-23
Violencia,GUTIERREZ,económicos,0.4175,2021-03-20
Violencia,GUTIERREZ,pretexto,0.3604,2021-03-18
Violencia,GUTIERREZ,logros,0.309,2021-03-12
Violencia,GUTIERREZ,golpista,0.0565,2021-03-29
Violencia,GUTIERREZ,vine,0.0472,2021-03-30
Violencia,GUTIERREZ,cara,0.3187,2021-01-06
Violencia,GUTIERREZ,inocencia,0.2574,2021-01-28
Violencia,GUTIERREZ,voluntariamente,0.2396,2021-01-31
Violencia,GUTIERREZ,vine,0.0472,2021-01-18
Violencia,GUTIERREZ,agallas,0.0168,2021-01-09
Violencia,FREILE,puesto,0.3746,2021-03-23
Violencia,FREILE,dejen,0.3014,2021-03-20
Violencia,FREILE,equipo,0.2626,2021-03-25
Violencia,FREILE,pragmáticas,0.0297,2021-03-17
Violencia,FREILE,confines,0.0194,2021-03-22
Violencia,ARAUZ,eliminación,0.4021,2021-01-13
Violencia,ARAUZ,mendicidad,0.2988,2021-01-29
Violencia,ARAUZ,libremente,0.2165,2021-01-30
Violencia,ARAUZ,interculturalidad,0.1666,2021-01-24
Violencia,ARAUZ,comprometo,0.0034,2021-01-27
Trabajo,FREILE,seguridad,0.557,2021-01-01
Trabajo,FREILE,crear,0.5519,2021-01-17
Trabajo,FREILE,empresa,0.4598,2021-01-13
Trabajo,FREILE,contratar,0.4484,2021-01-21
Trabajo,FREILE,hartos,0.082,2021-01-17
Trabajo,HERVAS,diferencia,0.4751,2021-03-17
Trabajo,HERVAS,transparente,0.2989,2021-03-21
Trabajo,HERVAS,hernán,0.1682,2021-03-17
Trabajo,HERVAS,ecuatorianas,0.069,2021-03-13
Trabajo,HERVAS,sorry,-0.0173,2021-03-29
Trabajo,HERVAS,pobreza,0.4553,2021-01-30
Trabajo,HERVAS,estatal,0.4141,2021-01-22
Trabajo,HERVAS,sale,0.3599,2021-01-12
Trabajo,HERVAS,artesanos,0.3499,2021-01-31
Trabajo,HERVAS,construido,0.2862,2021-01-28
Trabajo,YAKU,limita,0.3538,2021-03-18
Trabajo,YAKU,tasas,0.3272,2021-03-30
Trabajo,YAKU,imponga,0.2107,2021-03-31
Trabajo,YAKU,desprecio,0.1971,2021-03-17
Trabajo,YAKU,gaste,0.0699,2021-03-27
Trabajo,YAKU,plan,0.558,2021-01-09
Trabajo,YAKU,completo,0.5549,2021-01-19
Trabajo,YAKU,crear,0.5519,2021-01-03
Trabajo,YAKU,oportunidad,0.5371,2021-01-02
Trabajo,YAKU,pobreza,0.4553,2021-01-25
Trabajo,LASSO,dedicación,0.4966,2021-03-23
Trabajo,LASSO,realizan,0.475,2021-03-26
Trabajo,LASSO,pobreza,0.4553,2021-03-25
Trabajo,LASSO,llevan,0.4328,2021-03-29
Trabajo,LASSO,honesto,0.3167,2021-03-22
Trabajo,LASSO,esfuerzo,0.6135,2021-01-07
Trabajo,LASSO,pobreza,0.4553,2021-01-22
Trabajo,LASSO,compradores,0.2333,2021-01-19
Trabajo,LASSO,fusionan,0.0643,2021-01-20
Trabajo,LASSO,estigmatizaciones,-0.2533,2021-01-13
Trabajo,ARAUZ,próximo,0.4718,2021-03-21
Trabajo,ARAUZ,públicas,0.4662,2021-03-28
Trabajo,ARAUZ,pobreza,0.4553,2021-03-11
Trabajo,ARAUZ,dije,0.3101,2021-03-30
Trabajo,ARAUZ,viva,0.2683,2021-03-14
Trabajo,GUTIERREZ,económicos,0.4953,2021-03-16
Trabajo,GUTIERREZ,Juventud,0.4792,2021-03-24
Trabajo,GUTIERREZ,logros,0.415,2021-03-21
Trabajo,GUTIERREZ,minutos,0.3944,2021-03-25
Trabajo,GUTIERREZ,completas,0.3161,2021-03-31
Trabajo,GUTIERREZ,pobreza,0.4553,2021-01-18
Trabajo,GUTIERREZ,infantil,0.4355,2021-01-04
Trabajo,GUTIERREZ,arduo,0.4028,2021-01-24
Trabajo,GUTIERREZ,sentimental,0.2659,2021-01-09
Trabajo,GUTIERREZ,apremiante,0.1384,2021-01-07
Trabajo,FREILE,través,0.516,2021-03-19
Trabajo,FREILE,relativo,0.4839,2021-03-31
Trabajo,FREILE,aclarar,0.397,2021-03-26
Trabajo,FREILE,decidimos,0.2598,2021-03-24
Trabajo,FREILE,robado,0.1918,2021-03-22
Trabajo,ARAUZ,pobreza,0.4553,2021-01-30
Trabajo,ARAUZ,digno,0.4351,2021-01-16
Trabajo,ARAUZ,recuperar,0.3989,2021-01-01
Trabajo,ARAUZ,dignidad,0.3653,2021-01-03
Trabajo,ARAUZ,generará,0.2772,2021-01-11
Salud,FREILE,representa,0.4187,2021-01-22
Salud,FREILE,promueva,0.2807,2021-01-11
Salud,FREILE,radio,0.2797,2021-01-09
Salud,FREILE,señales,0.238,2021-01-29
Salud,FREILE,decirlo,0.1663,2021-01-15
Salud,HERVAS,planteado,0.3011,2021-03-31
Salud,HERVAS,transitoria,0.1728,2021-03-29
Salud,HERVAS,tenerla,0.1244,2021-03-19
Salud,HERVAS,campeones,0.1202,2021-03-23
Salud,HERVAS,distraiga,0.0428,2021-03-10
Salud,HERVAS,protección,0.6056,2021-01-09
Salud,HERVAS,mejorar,0.6017,2021-01-02
Salud,HERVAS,sexual,0.5004,2021-01-06
Salud,HERVAS,educativo,0.4829,2021-01-21
Salud,HERVAS,prioritarios,0.3706,2021-01-16
Salud,YAKU,vivir,0.377,2021-03-10
Salud,YAKU,venezuela,0.284,2021-03-10
Salud,YAKU,canción,0.1535,2021-03-14
Salud,YAKU,ignorante,0.0817,2021-03-14
Salud,YAKU,travesuras,0.0445,2021-03-30
Salud,YAKU,física,0.503,2021-01-31
Salud,YAKU,protege,0.345,2021-01-09
Salud,YAKU,planeta,0.2465,2021-01-22
Salud,YAKU,gigante,0.163,2021-01-09
Salud,YAKU,aflora,0.0042,2021-01-22
Salud,LASSO,garantizar,0.5266,2021-03-21
Salud,LASSO,vacunación,0.4517,2021-03-19
Salud,LASSO,prioridad,0.4485,2021-03-19
Salud,LASSO,reactivar,0.2374,2021-03-14
Salud,LASSO,olvidamos,0.0224,2021-03-10
Salud,LASSO,centros,0.5818,2021-01-26
Salud,LASSO,básicos,0.5218,2021-01-11
Salud,LASSO,dispensarios,0.4369,2021-01-24
Salud,LASSO,laboratorios,0.3305,2021-01-21
Salud,LASSO,esforzamos,0.0722,2021-01-17
Salud,ARAUZ,nutrición,0.6581,2021-03-21
Salud,ARAUZ,propuesta,0.3901,2021-03-31
Salud,ARAUZ,federación,0.3792,2021-03-31
Salud,ARAUZ,nacionalidades,0.1605,2021-03-17
Salud,ARAUZ,jueguen,0.038,2021-03-20
Salud,GUTIERREZ,único,0.3887,2021-03-24
Salud,GUTIERREZ,envejecimiento,0.3803,2021-03-28
Salud,GUTIERREZ,fácil,0.3395,2021-03-21
Salud,GUTIERREZ,quito,0.202,2021-03-27
Salud,GUTIERREZ,honradez,0.1804,2021-03-23
Salud,GUTIERREZ,física,0.503,2021-01-20
Salud,GUTIERREZ,deporte,0.4578,2021-01-01
Salud,GUTIERREZ,estética,0.2954,2021-01-16
Salud,GUTIERREZ,educacion,0.2141,2021-01-15
Salud,GUTIERREZ,chevere,-0.1,2021-01-27
Salud,FREILE,educación,0.7005,2021-03-25
Salud,FREILE,seguridad,0.58,2021-03-18
Salud,FREILE,convivencia,0.3748,2021-03-28
Salud,FREILE,seleccionado,0.217,2021-03-14
Salud,FREILE,farsantes,0.004,2021-03-20
Salud,ARAUZ,universal,0.429,2021-01-29
Salud,ARAUZ,derecho,0.4211,2021-01-08
Salud,ARAUZ,generar,0.3832,2021-01-26
Salud,ARAUZ,equipo,0.3741,2021-01-21
Salud,ARAUZ,libremente,0.2493,2021-01-26
Pobreza,FREILE,trabajo,0.4553,2021-01-08
Pobreza,FREILE,crear,0.3976,2021-01-08
Pobreza,FREILE,seguridad,0.3942,2021-01-12
Pobreza,FREILE,trabajar,0.3819,2021-01-12
Pobreza,FREILE,quieren,0.2632,2021-01-19
Pobreza,HERVAS,ocupan,0.3532,2021-03-11
Pobreza,HERVAS,cargos,0.2141,2021-03-19
Pobreza,HERVAS,transparente,0.212,2021-03-17
Pobreza,HERVAS,invito,0.1481,2021-03-24
Pobreza,HERVAS,brócoli,-0.0637,2021-03-12
Pobreza,HERVAS,trabajo,0.4553,2021-01-02
Pobreza,HERVAS,después,0.298,2021-01-21
Pobreza,HERVAS,estatal,0.2725,2021-01-10
Pobreza,HERVAS,reivindicar,0.1706,2021-01-12
Pobreza,HERVAS,artesanos,0.1689,2021-01-16
Pobreza,YAKU,calle,0.2758,2021-03-25
Pobreza,YAKU,inteligencia,0.2248,2021-03-27
Pobreza,YAKU,garcía,0.1737,2021-03-23
Pobreza,YAKU,entiendo,0.1707,2021-03-15
Pobreza,YAKU,presidential,-0.0867,2021-03-29
Pobreza,YAKU,trabajo,0.4553,2021-01-21
Pobreza,YAKU,plan,0.4241,2021-01-09
Pobreza,YAKU,oportunidad,0.339,2021-01-21
Pobreza,YAKU,equipo,0.1557,2021-01-31
Pobreza,YAKU,pobrezas,0.0853,2021-01-17
Pobreza,LASSO,trabajo,0.4553,2021-03-19
Pobreza,LASSO,esfuerzo,0.433,2021-03-29
Pobreza,LASSO,llevan,0.3175,2021-03-10
Pobreza,LASSO,agradecemos,0.0557,2021-03-14
Pobreza,LASSO,valoramos,0.0474,2021-03-13
Pobreza,LASSO,trabajo,0.4553,2021-01-04
Pobreza,LASSO,esfuerzo,0.433,2021-01-25
Pobreza,LASSO,puestos,0.2684,2021-01-11
Pobreza,LASSO,altísima,0.2624,2021-01-22
Pobreza,LASSO,compradores,0.1536,2021-01-25
Pobreza,ARAUZ,trabajo,0.4553,2021-03-11
Pobreza,ARAUZ,importante,0.4187,2021-03-11
Pobreza,ARAUZ,públicas,0.3684,2021-03-27
Pobreza,ARAUZ,digno,0.2815,2021-03-10
Pobreza,ARAUZ,viva,0.2305,2021-03-29
Pobreza,GUTIERREZ,viene,0.3104,2021-03-19
Pobreza,GUTIERREZ,cuenca,0.1862,2021-03-11
Pobreza,GUTIERREZ,plata,0.1423,2021-03-20
Pobreza,GUTIERREZ,preguntarle,0.0649,2021-03-29
Pobreza,GUTIERREZ,saludos,-0.0068,2021-03-21
Pobreza,GUTIERREZ,trabajo,0.4553,2021-01-09
Pobreza,GUTIERREZ,aumentó,0.3515,2021-01-24
Pobreza,GUTIERREZ,reduciéndose,0.1325,2021-01-24
Pobreza,GUTIERREZ,inversion,0.0243,2021-01-17
Pobreza,GUTIERREZ,udla,-0.0779,2021-01-14
Pobreza,FREILE,moral,0.3323,2021-03-21
Pobreza,FREILE,relaciones,0.3286,2021-03-21
Pobreza,FREILE,definen,0.2851,2021-03-10
Pobreza,FREILE,demasiados,0.1937,2021-03-31
Pobreza,FREILE,sustentada,0.1347,2021-03-26
Pobreza,ARAUZ,trabajo,0.4553,2021-01-05
Pobreza,ARAUZ,dignidad,0.3719,2021-01-25
Pobreza,ARAUZ,juntos,0.2834,2021-01-09
Pobreza,ARAUZ,digno,0.2815,2021-01-12
Pobreza,ARAUZ,recuperar,0.2227,2021-01-08
Juventud,FREILE,familia,0.4013,2021-01-27
Juventud,FREILE,miraflores,0.2016,2021-01-03
Juventud,FREILE,actúan,0.1609,2021-01-25
Juventud,FREILE,bola,0.121,2021-01-26
Juventud,FREILE,albuja,-0.1187,2021-01-17
Juventud,HERVAS,familia,0.4013,2021-03-18
Juventud,HERVAS,derechos,0.3349,2021-03-22
Juventud,HERVAS,directivos,0.2459,2021-03-12
Juventud,HERVAS,distancia,0.2446,2021-03-12
Juventud,HERVAS,pésame,0.0712,2021-03-24
Juventud,HERVAS,solidaridad,0.4497,2021-01-10
Juventud,HERVAS,amigos,0.4275,2021-01-18
Juventud,HERVAS,familia,0.4013,2021-01-27
Juventud,HERVAS,derechos,0.3349,2021-01-02
Juventud,HERVAS,pésame,0.0712,2021-01-09
Juventud,YAKU,familia,0.4013,2021-03-22
Juventud,YAKU,jugando,0.3689,2021-03-28
Juventud,YAKU,luis,0.3592,2021-03-22
Juventud,YAKU,derechos,0.3349,2021-03-11
Juventud,YAKU,universo,0.2125,2021-03-11
Juventud,YAKU,familia,0.4013,2021-01-31
Juventud,YAKU,humanos,0.3503,2021-01-22
Juventud,YAKU,derechos,0.3349,2021-01-07
Juventud,YAKU,cercanos,0.196,2021-01-02
Juventud,YAKU,cardoso,0.0777,2021-01-10
Juventud,LASSO,derechos,0.3349,2021-03-31
Juventud,LASSO,celebran,0.2771,2021-03-11
Juventud,LASSO,monica,0.0813,2021-03-10
Juventud,LASSO,ecuatorianas,0.0728,2021-03-15
Juventud,LASSO,erica,0.017,2021-03-10
Juventud,LASSO,familia,0.4013,2021-01-09
Juventud,LASSO,Derechos,0.3349,2021-01-23
Juventud,LASSO,sexto,0.2825,2021-01-04
Juventud,LASSO,quinto,0.2779,2021-01-15
Juventud,LASSO,ecuatorianas,0.0728,2021-01-28
Juventud,ARAUZ,familia,0.4013,2021-03-31
Juventud,ARAUZ,querido,0.3385,2021-03-24
Juventud,ARAUZ,Derechos,0.3349,2021-03-20
Juventud,ARAUZ,bolsillo,0.1407,2021-03-30
Juventud,ARAUZ,ecuatorianas,0.0728,2021-03-29
Juventud,GUTIERREZ,familia,0.4013,2021-03-27
Juventud,GUTIERREZ,logros,0.3687,2021-03-16
Juventud,GUTIERREZ,Derechos,0.3349,2021-03-21
Juventud,GUTIERREZ,vine,0.0922,2021-03-20
Juventud,GUTIERREZ,golpista,0.0396,2021-03-30
Juventud,GUTIERREZ,familia,0.4013,2021-01-01
Juventud,GUTIERREZ,Derechos,0.3349,2021-01-18
Juventud,GUTIERREZ,resignación,0.2142,2021-01-02
Juventud,GUTIERREZ,dedicando,0.2116,2021-01-05
Juventud,GUTIERREZ,pésame,0.0712,2021-01-27
Juventud,FREILE,fines,0.3552,2021-03-22
Juventud,FREILE,vigila,0.183,2021-03-28
Juventud,FREILE,racista,0.1733,2021-03-10
Juventud,FREILE,cuestionamientos,0.1036,2021-03-15
Juventud,FREILE,controlan,0.0575,2021-03-14
Juventud,ARAUZ,trabajar,0.4113,2021-01-24
Juventud,ARAUZ,padre,0.4093,2021-01-16
Juventud,ARAUZ,familia,0.4013,2021-01-03
Juventud,ARAUZ,reto,0.3327,2021-01-13
Juventud,ARAUZ,ecuatorianas,0.0728,2021-01-28
Energías,FREILE,contamos,0.2286,2021-01-07
Energías,FREILE,verdades,0.2039,2021-01-11
Energías,FREILE,escenarios,0.203,2021-01-17
Energías,FREILE,liberarán,0.019,2021-01-15
Energías,FREILE,usurpan,-0.0081,2021-01-10
Energías,HERVAS,tratando,0.2531,2021-03-19
Energías,HERVAS,hogar,0.2241,2021-03-28
Energías,HERVAS,sabía,0.1295,2021-03-10
Energías,HERVAS,felicidades,0.1204,2021-03-15
Energías,HERVAS,abunda,0.1133,2021-03-12
Energías,HERVAS,center,0.1498,2021-01-30
Energías,HERVAS,luchadoras,0.1181,2021-01-31
Energías,HERVAS,dudo,0.0824,2021-01-31
Energías,HERVAS,endurecidas,0.0366,2021-01-20
Energías,HERVAS,permitiré,0.0294,2021-01-03
Energías,YAKU,Juventud,0.2958,2021-03-24
Energías,YAKU,voluntad,0.2938,2021-03-18
Energías,YAKU,comunicación,0.2598,2021-03-25
Energías,YAKU,familia,0.139,2021-03-24
Energías,YAKU,aidita,-0.0948,2021-03-30
Energías,YAKU,ideales,0.326,2021-01-15
Energías,YAKU,través,0.3045,2021-01-08
Energías,YAKU,difundir,0.2266,2021-01-13
Energías,YAKU,humildad,0.0881,2021-01-12
Energías,YAKU,pintas,-0.0181,2021-01-22
Energías,LASSO,verdes,0.3872,2021-03-23
Energías,LASSO,representar,0.2747,2021-03-23
Energías,LASSO,ofrezca,0.2128,2021-03-17
Energías,LASSO,suman,0.2058,2021-03-12
Energías,LASSO,frontalidad,0.0052,2021-03-10
Energías,LASSO,estructurales,0.2952,2021-01-22
Energías,LASSO,vial,0.1795,2021-01-26
Energías,LASSO,moderno,0.177,2021-01-20
Energías,LASSO,generaremos,0.0904,2021-01-19
Energías,LASSO,carnavales,-0.0274,2021-01-03
Energías,ARAUZ,cumbre,0.2293,2021-03-30
Energías,ARAUZ,ingreso,0.1865,2021-03-10
Energías,ARAUZ,disminuyan,0.1341,2021-03-25
Energías,ARAUZ,acreedores,0.0239,2021-03-16
Energías,ARAUZ,demoran,-0.0207,2021-03-12
Energías,GUTIERREZ,biodiversidad,0.3761,2021-03-25
Energías,GUTIERREZ,naturaleza,0.3116,2021-03-31
Energías,GUTIERREZ,playas,0.1939,2021-03-17
Energías,GUTIERREZ,bañarse,0.1107,2021-03-12
Energías,GUTIERREZ,embelesar,-0.012,2021-03-29
Energías,GUTIERREZ,recargar,0.3265,2021-01-18
Energías,GUTIERREZ,relajante,0.1247,2021-01-19
Energías,GUTIERREZ,llenan,0.1195,2021-01-17
Energías,GUTIERREZ,paradisiaco,0.0477,2021-01-21
Energías,GUTIERREZ,respiramos,0.0302,2021-01-21
Energías,FREILE,ventas,0.2883,2021-03-28
Energías,FREILE,filosofía,0.2274,2021-03-28
Energías,FREILE,poquito,0.1479,2021-03-19
Energías,FREILE,novelas,0.1132,2021-03-17
Energías,FREILE,babá,-0.0278,2021-03-15
Energías,ARAUZ,elección,0.1837,2021-01-10
Energías,ARAUZ,partida,0.1753,2021-01-16
Energías,ARAUZ,felicidades,0.1204,2021-01-08
Energías,ARAUZ,plástico,0.0946,2021-01-30
Energías,ARAUZ,informados,0.054,2021-01-07
Educación,FREILE,elevado,0.3988,2021-01-03
Educación,FREILE,parar,0.1935,2021-01-29
Educación,FREILE,ocurrir,0.1703,2021-01-30
Educación,FREILE,élites,0.1473,2021-01-30
Educación,FREILE,violent,-0.0542,2021-01-12
Educación,HERVAS,reproductivos,0.2798,2021-03-23
Educación,HERVAS,ricos,0.2544,2021-03-24
Educación,HERVAS,digitales,0.2388,2021-03-16
Educación,HERVAS,significar,0.2128,2021-03-31
Educación,HERVAS,fauna,0.1546,2021-03-27
Educación,HERVAS,mejorar,0.6021,2021-01-29
Educación,HERVAS,fortalecer,0.4788,2021-01-20
Educación,HERVAS,sistema,0.4704,2021-01-19
Educación,HERVAS,ciudadana,0.4283,2021-01-18
Educación,HERVAS,pilar,0.3479,2021-01-16
Educación,YAKU,Pobreza,0.5298,2021-03-15
Educación,YAKU,garcía,0.3652,2021-03-26
Educación,YAKU,hijas,0.3137,2021-03-15
Educación,YAKU,entiendo,0.1917,2021-03-10
Educación,YAKU,polls,-0.0256,2021-03-30
Educación,YAKU,universidad,0.5107,2021-01-07
Educación,YAKU,autonomía,0.4354,2021-01-14
Educación,YAKU,encontramos,0.2541,2021-01-20
Educación,YAKU,acordes,0.2289,2021-01-17
Educación,YAKU,unae,0.2135,2021-01-30
Educación,LASSO,niños,0.62,2021-03-19
Educación,LASSO,jóvenes,0.5641,2021-03-13
Educación,LASSO,superior,0.5468,2021-03-28
Educación,LASSO,niveles,0.5319,2021-03-12
Educación,LASSO,autónoma,0.4231,2021-03-22
Educación,LASSO,superior,0.5468,2021-01-23
Educación,LASSO,universidad,0.5107,2021-01-24
Educación,LASSO,gratuita,0.4883,2021-01-29
Educación,LASSO,medicina,0.4737,2021-01-14
Educación,LASSO,tele,0.2188,2021-01-30
Educación,ARAUZ,desarrollo,0.6369,2021-03-20
Educación,ARAUZ,universidad,0.5107,2021-03-17
Educación,ARAUZ,conocido,0.2869,2021-03-28
Educación,ARAUZ,volverán,0.1505,2021-03-11
Educación,ARAUZ,liquidez,0.1434,2021-03-24
Educación,GUTIERREZ,universidad,0.5107,2021-03-15
Educación,GUTIERREZ,libre,0.4126,2021-03-31
Educación,GUTIERREZ,materiales,0.3739,2021-03-10
Educación,GUTIERREZ,venezuela,0.311,2021-03-14
Educación,GUTIERREZ,reduzcan,0.2056,2021-03-18
Educación,GUTIERREZ,cursos,0.5844,2021-01-11
Educación,GUTIERREZ,universidad,0.5107,2021-01-31
Educación,GUTIERREZ,ayudarles,0.2605,2021-01-27
Educación,GUTIERREZ,previos,0.2481,2021-01-11
Educación,GUTIERREZ,cerradas,0.2024,2021-01-03
Educación,FREILE,Salud,0.7005,2021-03-20
Educación,FREILE,seguridad,0.4938,2021-03-15
Educación,FREILE,convivencia,0.4469,2021-03-18
Educación,FREILE,hablemos,0.0926,2021-03-24
Educación,FREILE,explicaré,-0.0635,2021-03-29
Educación,ARAUZ,estudiantes,0.6107,2021-01-22
Educación,ARAUZ,superior,0.5468,2021-01-10
Educación,ARAUZ,universidad,0.5107,2021-01-10
Educación,ARAUZ,mayores,0.4948,2021-01-31
Educación,ARAUZ,autonomía,0.4354,2021-01-04
Economía,FREILE,dejado,0.4129,2021-01-19
Economía,FREILE,pensar,0.4067,2021-01-29
Economía,FREILE,cuerpo,0.2778,2021-01-18
Economía,FREILE,latinoamericano,0.261,2021-01-26
Economía,FREILE,exhausta,0.1487,2021-01-29
Economía,HERVAS,derecho,0.4408,2021-03-16
Economía,HERVAS,deje,0.3238,2021-03-13
Economía,HERVAS,escenario,0.3235,2021-03-25
Economía,HERVAS,fábrica,0.2635,2021-03-30
Economía,HERVAS,afecto,0.177,2021-03-29
Economía,HERVAS,empleo,0.6104,2021-01-09
Economía,HERVAS,reactivar,0.5162,2021-01-09
Economía,HERVAS,productivo,0.5099,2021-01-20
Economía,HERVAS,necesario,0.4488,2021-01-26
Economía,HERVAS,cómo,0.4305,2021-01-31
Economía,YAKU,vidas,0.2825,2021-03-24
Economía,YAKU,arriesgando,0.1191,2021-03-11
Economía,YAKU,alivian,0.0732,2021-03-20
Economía,YAKU,macizo,0.0242,2021-03-14
Economía,YAKU,biósfera,-0.0207,2021-03-31
Economía,YAKU,sociedad,0.5382,2021-01-10
Economía,YAKU,mejorar,0.4972,2021-01-07
Economía,YAKU,crear,0.4545,2021-01-12
Economía,YAKU,plan,0.4439,2021-01-07
Economía,YAKU,dando,0.383,2021-01-09
Economía,LASSO,moderna,0.4809,2021-03-26
Economía,LASSO,transición,0.4551,2021-03-25
Economía,LASSO,sustentable,0.4217,2021-03-23
Economía,LASSO,verde,0.301,2021-03-13
Economía,LASSO,liderar,0.2855,2021-03-14
Economía,LASSO,reactivar,0.5162,2021-01-15
Economía,LASSO,crecerá,0.3755,2021-01-13
Economía,LASSO,crezca,0.3662,2021-01-08
Economía,LASSO,atraer,0.3624,2021-01-22
Economía,LASSO,modernizar,0.3299,2021-01-13
Economía,ARAUZ,número,0.3623,2021-03-18
Economía,ARAUZ,hablamos,0.3587,2021-03-22
Economía,ARAUZ,mañana,0.3246,2021-03-12
Economía,ARAUZ,visita,0.3015,2021-03-26
Economía,ARAUZ,juegan,0.2089,2021-03-15
Economía,GUTIERREZ,único,0.403,2021-03-19
Economía,GUTIERREZ,perder,0.3818,2021-03-12
Economía,GUTIERREZ,fácil,0.3353,2021-03-20
Economía,GUTIERREZ,importa,0.326,2021-03-29
Economía,GUTIERREZ,corte,0.3168,2021-03-28
Economía,GUTIERREZ,crecer,0.425,2021-01-21
Economía,GUTIERREZ,creció,0.4242,2021-01-16
Economía,GUTIERREZ,economia,0.3356,2021-01-07
Economía,GUTIERREZ,decreció,0.1413,2021-01-30
Economía,GUTIERREZ,manejarla,0.0494,2021-01-11
Economía,FREILE,allí,0.3622,2021-03-31
Economía,FREILE,distinta,0.331,2021-03-22
Economía,FREILE,críticas,0.3226,2021-03-30
Economía,FREILE,llamado,0.3119,2021-03-20
Economía,FREILE,felicito,0.0639,2021-03-12
Economía,ARAUZ,nuevamente,0.3434,2021-01-02
Economía,ARAUZ,jóvenes,0.3411,2021-01-27
Economía,ARAUZ,joven,0.3091,2021-01-09
Economía,ARAUZ,generará,0.2766,2021-01-26
Economía,ARAUZ,digno,0.2177,2021-01-15
Derechos,FREILE,familia,0.3849,2021-01-21
Derechos,FREILE,Juventud,0.3349,2021-01-23
Derechos,FREILE,apoyen,0.2884,2021-01-10
Derechos,FREILE,viejos,0.225,2021-01-05
Derechos,FREILE,entrevistado,0.1672,2021-01-10
Derechos,HERVAS,familia,0.3849,2021-03-21
Derechos,HERVAS,Juventud,0.3349,2021-03-28
Derechos,HERVAS,compañeros,0.2989,2021-03-14
Derechos,HERVAS,pésame,0.1229,2021-03-14
Derechos,HERVAS,ecuatorianas,0.0968,2021-03-10
Derechos,HERVAS,podría,0.4187,2021-01-02
Derechos,HERVAS,familia,0.3849,2021-01-19
Derechos,HERVAS,Juventud,0.3349,2021-01-23
Derechos,HERVAS,perdido,0.3234,2021-01-09
Derechos,HERVAS,incumplido,0.2398,2021-01-23
Derechos,YAKU,jueves,0.3429,2021-03-14
Derechos,YAKU,Juventud,0.3349,2021-03-23
Derechos,YAKU,fraude,0.3004,2021-03-14
Derechos,YAKU,universo,0.2027,2021-03-30
Derechos,YAKU,jugando,0.1987,2021-03-10
Derechos,YAKU,solidaridad,0.4208,2021-01-04
Derechos,YAKU,familia,0.3849,2021-01-27
Derechos,YAKU,Juventud,0.3349,2021-01-03
Derechos,YAKU,regresar,0.3133,2021-01-08
Derechos,YAKU,cercanos,0.2742,2021-01-30
Derechos,LASSO,Juventud,0.3349,2021-03-29
Derechos,LASSO,erica,0.1133,2021-03-19
Derechos,LASSO,ecuatorianas,0.0968,2021-03-16
Derechos,LASSO,monica,0.0103,2021-03-26
Derechos,LASSO,tere,0.0101,2021-03-24
Derechos,LASSO,familia,0.3849,2021-01-06
Derechos,LASSO,tercero,0.3586,2021-01-01
Derechos,LASSO,Juventud,0.3349,2021-01-07
Derechos,LASSO,adherirse,0.3103,2021-01-07
Derechos,LASSO,ecuatorianas,0.0968,2021-01-26
Derechos,ARAUZ,familia,0.3849,2021-03-12
Derechos,ARAUZ,Juventud,0.3349,2021-03-23
Derechos,ARAUZ,migrante,0.2995,2021-03-22
Derechos,ARAUZ,queridas,0.0253,2021-03-13
Derechos,ARAUZ,abrazo,-0.0069,2021-03-15
Derechos,GUTIERREZ,familia,0.3849,2021-03-22
Derechos,GUTIERREZ,nombre,0.374,2021-03-25
Derechos,GUTIERREZ,Juventud,0.3349,2021-03-17
Derechos,GUTIERREZ,perder,0.3289,2021-03-16
Derechos,GUTIERREZ,expresamos,0.1349,2021-03-24
Derechos,GUTIERREZ,familia,0.3849,2021-01-29
Derechos,GUTIERREZ,Juventud,0.3349,2021-01-30
Derechos,GUTIERREZ,dedicando,0.206,2021-01-26
Derechos,GUTIERREZ,humillan,0.0205,2021-01-03
Derechos,GUTIERREZ,lloramos,-0.0244,2021-01-03
Derechos,FREILE,imagen,0.328,2021-03-10
Derechos,FREILE,ecuador,0.304,2021-03-12
Derechos,FREILE,aumenta,0.2621,2021-03-27
Derechos,FREILE,acosta,0.1367,2021-03-12
Derechos,FREILE,certezas,0.0148,2021-03-18
Derechos,ARAUZ,madres,0.358,2021-01-22
Derechos,ARAUZ,Juventud,0.3349,2021-01-06
Derechos,ARAUZ,padre,0.3145,2021-01-22
Derechos,ARAUZ,carga,0.2691,2021-01-02
Derechos,ARAUZ,ecuatorianas,0.0968,2021-01-26
Corrupción,FREILE,momentos,0.2993,2021-01-21
Corrupción,FREILE,comentado,0.1659,2021-01-11
Corrupción,FREILE,fantasía,0.1278,2021-01-09
Corrupción,FREILE,tufo,0.1111,2021-01-19
Corrupción,FREILE,dieta,0.1021,2021-01-17
Corrupción,HERVAS,libertades,0.3417,2021-03-13
Corrupción,HERVAS,recordar,0.3123,2021-03-26
Corrupción,HERVAS,defensor,0.2536,2021-03-30
Corrupción,HERVAS,pugnas,0.1043,2021-03-17
Corrupción,HERVAS,solidario,0.0948,2021-03-21
Corrupción,HERVAS,actos,0.4717,2021-01-28
Corrupción,HERVAS,investigación,0.4193,2021-01-14
Corrupción,HERVAS,ciudadanos,0.3954,2021-01-28
Corrupción,HERVAS,Salud,0.316,2021-01-06
Corrupción,HERVAS,jamás,0.3128,2021-01-18
Corrupción,YAKU,sistema,0.4182,2021-03-17
Corrupción,YAKU,larga,0.3042,2021-03-17
Corrupción,YAKU,suman,0.2657,2021-03-19
Corrupción,YAKU,asesinado,0.2062,2021-03-16
Corrupción,YAKU,robando,0.0924,2021-03-10
Corrupción,YAKU,impunidad,0.5969,2021-01-18
Corrupción,YAKU,violencia,0.546,2021-01-05
Corrupción,YAKU,autoritarismo,0.4665,2021-01-10
Corrupción,YAKU,correa,0.3285,2021-01-17
Corrupción,YAKU,ovillo,0.0756,2021-01-10
Corrupción,LASSO,lucha,0.5462,2021-03-10
Corrupción,LASSO,ciudadana,0.3916,2021-03-23
Corrupción,LASSO,integridad,0.3533,2021-03-14
Corrupción,LASSO,cumpliendo,0.2322,2021-03-24
Corrupción,LASSO,caminar,0.1318,2021-03-22
Corrupción,LASSO,delincuencia,0.6387,2021-01-17
Corrupción,LASSO,impunidad,0.5969,2021-01-08
Corrupción,LASSO,despilfarro,0.4997,2021-01-16
Corrupción,LASSO,actos,0.4717,2021-01-15
Corrupción,LASSO,atenten,0.1435,2021-01-11
Corrupción,ARAUZ,causa,0.4328,2021-03-24
Corrupción,ARAUZ,procesos,0.4008,2021-03-22
Corrupción,ARAUZ,apoyará,0.2038,2021-03-22
Corrupción,ARAUZ,tungurahua,-0.019,2021-03-20
Corrupción,ARAUZ,construiré,-0.1176,2021-03-16
Corrupción,GUTIERREZ,especial,0.3658,2021-03-30
Corrupción,GUTIERREZ,venta,0.3205,2021-03-27
Corrupción,GUTIERREZ,sicariato,0.1439,2021-03-26
Corrupción,GUTIERREZ,rechazamos,0.0993,2021-03-10
Corrupción,GUTIERREZ,incondicionalmente,0.0758,2021-03-17
Corrupción,GUTIERREZ,impunidad,0.5969,2021-01-02
Corrupción,GUTIERREZ,despilfarro,0.4997,2021-01-11
Corrupción,GUTIERREZ,basta,0.3648,2021-01-25
Corrupción,GUTIERREZ,corrupcion,0.1669,2021-01-27
Corrupción,GUTIERREZ,espantosa,0.1498,2021-01-14
Corrupción,FREILE,escribir,0.1806,2021-03-26
Corrupción,FREILE,pierdan,0.1389,2021-03-12
Corrupción,FREILE,cristo,0.1182,2021-03-19
Corrupción,FREILE,cuidarse,0.0574,2021-03-31
Corrupción,FREILE,saldrías,-0.0917,2021-03-31
Corrupción,ARAUZ,privatización,0.3221,2021-01-19
Corrupción,ARAUZ,gasto,0.2869,2021-01-13
Corrupción,ARAUZ,grupo,0.2785,2021-01-18
Corrupción,ARAUZ,remisión,0.2217,2021-01-23
Corrupción,ARAUZ,aprendió,0.076,2021-01-25
Ambiente,FREILE,presencia,0.4205,2021-01-09
Ambiente,FREILE,capaz,0.3563,2021-01-03
Ambiente,FREILE,ojos,0.2003,2021-01-05
Ambiente,FREILE,look,0.1681,2021-01-16
Ambiente,FREILE,mameluco,-0.0664,2021-01-29
Ambiente,HERVAS,gracias,0.4146,2021-03-30
Ambiente,HERVAS,urgentes,0.251,2021-03-14
Ambiente,HERVAS,involucrarse,0.1576,2021-03-10
Ambiente,HERVAS,moro,0.1217,2021-03-10
Ambiente,HERVAS,guíe,0.0312,2021-03-15
Ambiente,HERVAS,tecnología,0.4696,2021-01-23
Ambiente,HERVAS,mundiales,0.4108,2021-01-25
Ambiente,HERVAS,realice,0.3013,2021-01-15
Ambiente,HERVAS,logra,0.2575,2021-01-27
Ambiente,HERVAS,invertiremos,-0.0346,2021-01-20
Ambiente,YAKU,comunitario,0.4193,2021-03-15
Ambiente,YAKU,larga,0.3073,2021-03-21
Ambiente,YAKU,suman,0.2308,2021-03-15
Ambiente,YAKU,asesinado,0.1395,2021-03-10
Ambiente,YAKU,extractivismo,-0.0709,2021-03-11
Ambiente,YAKU,amenaza,0.4051,2021-01-31
Ambiente,YAKU,violencia,0.3496,2021-01-21
Ambiente,YAKU,minero,0.2226,2021-01-22
Ambiente,YAKU,permitamos,-0.0228,2021-01-17
Ambiente,YAKU,extractivismo,-0.0709,2021-01-22
Ambiente,LASSO,ambiental,0.7044,2021-03-23
Ambiente,LASSO,protección,0.5455,2021-03-15
Ambiente,LASSO,cargo,0.4037,2021-03-19
Ambiente,LASSO,agenda,0.3287,2021-03-27
Ambiente,LASSO,prioricen,-0.0778,2021-03-27
Ambiente,LASSO,natural,0.4618,2021-01-31
Ambiente,LASSO,conocimiento,0.4371,2021-01-19
Ambiente,LASSO,eficiencia,0.4197,2021-01-13
Ambiente,LASSO,basada,0.361,2021-01-03
Ambiente,LASSO,apoyarlos,0.0429,2021-01-19
Ambiente,ARAUZ,marzo,0.3682,2021-03-13
Ambiente,ARAUZ,tarjeta,0.1744,2021-03-25
Ambiente,ARAUZ,nacer,0.1456,2021-03-20
Ambiente,ARAUZ,cosmovisión,0.1298,2021-03-27
Ambiente,ARAUZ,recta,0.0995,2021-03-30
Ambiente,GUTIERREZ,biodiversidad,0.5442,2021-03-29
Ambiente,GUTIERREZ,naturaleza,0.5218,2021-03-17
Ambiente,GUTIERREZ,bill,0.1688,2021-03-11
Ambiente,GUTIERREZ,bañarse,0.1207,2021-03-12
Ambiente,GUTIERREZ,embelesar,-0.0145,2021-03-28
Ambiente,GUTIERREZ,vulnerables,0.3474,2021-01-04
Ambiente,GUTIERREZ,amanecer,0.2279,2021-01-05
Ambiente,GUTIERREZ,vivamos,0.0681,2021-01-13
Ambiente,GUTIERREZ,augurios,0.0476,2021-01-09
Ambiente,GUTIERREZ,enfermar,0.0123,2021-01-11
Ambiente,FREILE,suele,0.3165,2021-03-20
Ambiente,FREILE,violación,0.2352,2021-03-10
Ambiente,FREILE,cocinar,0.204,2021-03-31
Ambiente,FREILE,avenida,0.1429,2021-03-16
Ambiente,FREILE,insinuar,0.0175,2021-03-26
Ambiente,ARAUZ,creativo,0.3097,2021-01-08
Ambiente,ARAUZ,desarrollará,0.2914,2021-01-09
Ambiente,ARAUZ,trazado,0.2484,2021-01-22
Ambiente,ARAUZ,usando,0.2355,2021-01-03
Ambiente,ARAUZ,símbolos,0.1568,2021-01-27
